Candidate Name,Party,Constituency,Vocal Pitch (Hz),Source,Time Stamp,URL,,,,,
Jennifer Murnane O'Connor,Fianna Fail,Carlow-Kilkenny,171.04,Facebook video (party account),0:00-0:30 s,https://www.facebook.com/watch/?v=1036633425270054,,,,,
Áine Gladney Knox,Sinn Fein,Carlow-Kilkenny,171.95,Youtube video (interview),0:39-1:02 s,https://www.youtube.com/watch?v=xwI_9My-Hn4,,,,,
Natasha Newsome Drennan,Sinn Fein,Carlow-Kilkenny,176.66,Youtube video (dail speech),0:00-0:32 s,https://www.youtube.com/watch?v=iD_1pR34yJM,,,,,
Catherine Callaghan,Fine Gael,Carlow-Kilkenny,191.87,Youtube video (dail speech),0:00-0:30 s,https://www.youtube.com/watch?v=8w1AXO2ZqeQ,,,,,
Patricia Stephenson,Social Democrats,Carlow-Kilkenny,243.18,Youtube video (senead speech),0:00-0:34 s,https://www.youtube.com/watch?v=bwJUbCl1AGo,,,,,
Adrienne Wallace,PBP-Solidarity ,Carlow-Kilkenny,244.15,News interview,0:09-0:41 s ,https://www.carlowlive.ie/video/election-2020/515889/watch-solidarity-pbp-s-adrienne-wallace-says-the-government-pissed-too-many-people-off.html,,,,,
Orla Donohoe,IFP,Carlow-Kilkenny,219.96,Facebook video (party account),0:00-0:32 s,https://www.facebook.com/watch/?v=1071527520871284,,,,,
Niamh Smyth,Fianna Fail,Cavan-Monaghan,212.01,Youtube video (dail speech),0:00-0:32s,https://www.youtube.com/watch?v=aY810aegUjk,,,,,
Cathy Bennett,Sinn Fein,Cavan-Monaghan,205.26,Facebook video (party account),0:00-0:33s,https://www.facebook.com/CouncillorCathyBennett/videos/1246406120031031/,,,,,
Pauline Tully,Sinn Fein,Cavan-Monaghan,157.12,Facebook video (party account),0:00-0:33s,https://www.facebook.com/watch/?v=1327354764943475,,,,,
Carmel Brady,Fine Gael,Cavan-Monaghan,212.5,Facebook video (personal account),0:00-0:34 s,https://www.facebook.com/Carmelbradyno1/videos/573888501692610/,,,,,
Emma Hendrick,PBP-Solidarity ,Cavan-Monaghan,180.04,Facebook video (party account),0:00-0:32 s,https://www.facebook.com/watch/?v=1434138856677637,,,,,
Sarah O'Reilly,Aontú,Cavan-Monaghan,236.74,Facebook video (party account),0:00-0:31 s,https://www.facebook.com/AontuIE/videos/1477722956189601/,,,,,
Rita McInerney,Fianna Fail,Clare,229.62,Facebook video (party account),0:00-0:29 s,https://www.facebook.com/fiannafail/videos/312288208603157/,,,,,
Donna McGettigan,Sinn Fein,Clare,183.74,Youtube video (dail speech),0:06-0:36 s,https://www.youtube.com/watch?v=3PE_Zkt19FI,,,,,
Leonora Carey,Fine Gael,Clare,209.23,Facebook video (personal account),0:02-0:32 s ,https://www.facebook.com/reel/1125697572264537,,,,,
Róisín Garvey,Green,Clare,194.96,Facebook video (party account),0:00-0:31 s,https://www.facebook.com/watch/?v=1451815699102929,,,,,
Hilary Tonge,Social Democrats,Clare,204.09,Facebook video (party account),0:00-0:34 s,https://www.facebook.com/watch/?v=866173228982724,,,,,
Caitríona Ní Chatháin ,PBP-Solidarity ,Clare,180.62,News interview,0:00-0:31 s,https://www.limerickleader.ie/video/mayoral-election/1509276/watch-mayoral-candidate-caitriona-ni-chathain-s-vision-for-limerick-in-90-seconds.html,,,,,
June Dillon,Aontú,Clare,246.64,Facebook video (news account),0:09-0:49 s,https://www.facebook.com/watch/?v=621475666946329,,,,,
Amanda Major,Independent,Clare,202.21,Facebook video (news account),1:00-1:31 s,https://www.facebook.com/watch/?v=1493681421324906,,,,,* WOC and ESL
Violet-Anne Wynne,Independent,Clare,200.76,Youtube video (dail speech),0:00-0:31 s,https://www.youtube.com/watch?v=53BgZfUC6uo,,,,,
Deirdre O'Brien,Fianna Fail,Cork East,174.74,Facebook video (personal account),0:00-0:32 s,https://www.facebook.com/watch/?v=1204631047274543,,,,,
Cliona O'Halloran,Green,Cork East,191.88,Instagram video (personal account),0:00-0:34 s,https://www.instagram.com/cliona_climate/,,,,,
Kathryn Bermingham,Independent Ireland,Cork East,,(can't find videos on initial search),,,,,,,
Catherine Lynch,Independent Ireland,Cork East,,(can't find videos on initial search),,,,,,,
Mona Stromsoe,Aontú,Cork East,205.43,Facebook video (party account),0.05-0.38 s,https://www.facebook.com/AontuIE/videos/433541582330905/,,,,,
Mary Linehan Foley,Independent,Cork East,153.83,Facebook video (personal account),0:00-0:36 s,https://www.facebook.com/watch/?v=1963079950838795,,,,,* lots of background noise
Sandra Murphy Kelleher,Fianna Fail,Cork North-Central,174.21,Facebook video (personal account),0:00-0:32s,https://www.facebook.com/watch/?v=1499051497465193,,,,,
Imelda Daly,Fine Gael,Cork North-Central,194.03,Facebook video (personal account),0:00-0:31 s,https://www.facebook.com/imelda.daly.2023/,,,,,
Susan Doyle,Social Democrats,Cork North-Central,189.08,Youtube video (party account),0:00-0:32 s,https://www.youtube.com/watch?v=qmI9qNdQcWs,,,,,
Rachel Hurley Roche,Independent,Cork North-Central,209.62,Facebook video (party account),0:00-0:22 s,https://www.facebook.com/watch/?v=1278769163321396,,,,,
Nicole Ryan,Sinn Fein,Cork North-West,163.65,Facebook video (personal account),0:00-0:23 s,https://www.facebook.com/watch/?v=2350744305274823,,,,,
Colette Finn,Green,Cork North-West,150.1,Facebook video (personal account),0:02-0:32 s ,https://www.facebook.com/watch/?v=3882475778637559,,,,,
Ellen Barry,Independent Ireland,Cork North-West,,(can't find videos on initial search),,,,,,,
Becky Kealy,Aontú,Cork North-West,255.38,Facebook video (personal account),0:00-0:32 s,https://www.facebook.com/reel/433146155968815,,,,,
Margaret Kenneally,Fianna Fail,Cork South-Central,190.65,Instagram video (personal account),0:00-0:18 s,https://www.instagram.com/kenneallycork/?hl=en,,,,,* shortest sample
Michelle Cowhey Shahid,Sinn Fein,Cork South-Central,190.59,Facebook video (personal account),0:00-0:30 s,https://www.facebook.com/watch/?v=535052422685831,,,,,* lots of background music
Úna McCarthy,Fine Gael,Cork South-Central,200.46,Facebook video (party account),0:00-0:22 s,https://www.facebook.com/reel/914757437347386,,,,,
Monica Oikeh,Green,Cork South-Central,184.48,Facebook video (party account),0:00-0:35 s,https://www.facebook.com/reel/1028080965479219,,,,,* WOC
Laura Harmon,Labour,Cork South-Central,137.93,Youtube video (senead speech),0:00-0:32 s,https://www.youtube.com/watch?v=b_fak5QXcw0,,,,,
Veronica Houlihan,Independent Ireland,Cork South-Central,,(can't find videos on initial search),,,,,,,
Valerie Ward,Independent Ireland,Cork South-Central,,(can't find videos on initial search),,,,,,,
Anna Daly,Aontú,Cork South-Central,236.24,Facebook video (personal account),0:00-0:31 s,https://www.facebook.com/watch/?v=1407075599968078,,,,,
Lorna Bogue,Rabh,Cork South-Central,196.39,Facebook video (personal account),0:00-0:34 s,https://www.facebook.com/votelornabogue/,,,,,
Clare O'Callaghan,Sinn Fein,Cork South-West,154.88,Facebook video (personal account),0:00-0:33s,https://www.facebook.com/watch/?v=598345449431087,,,,,* lots of background noise
Mary Ryder,Green,Cork South-West,,(can't find videos on initial search),,,,,,,
Evie Nevin,Labour,Cork South-West,234.08,Facebook video (personal account),0:31-1:02 s,https://www.facebook.com/watch/?v=1007722160545440,,,,,
Holly Cairns,Social Democrats,Cork South-West,178.58,Youtube video (interview),1:21-1:52 s,https://www.youtube.com/watch?v=rDQYrswnCxk,,,,,
Zoe Laplaud,PBP-Solidarity ,Cork South-West,,(can't find videos on initial search),,,,,,,
Mairead Ruane,Aontú,Cork South-West,,(can't find videos on initial search),,,,,,,
Deborah O'Driscoll,IP,Cork South-West,140.02,Facebook video (news account),0:25-1:02 s,https://www.facebook.com/watch/?v=2308919549305339,,,,,
Claudia Kennedy,Fianna Fail,Donegal,238.7,Youtube video (interview),1:28-2:00 s,https://www.youtube.com/watch?v=wfH5KWiR5fY,,,,,
Nikki Bradley,Fine Gael,Donegal,158.98,Facebook video (party account),0:01-0:32 s,https://www.facebook.com/watch/?v=2769120129930050,,,,,
Nuala Carr,Green,Donegal,174.9,Facebook video (news account),0:45-1:10 s,https://www.facebook.com/watch/?v=1093823739066693,,,,,
Carol Gallagher,PBP-Solidarity ,Donegal,178.11,Facebook video (personal account),0:00-0:32 s,https://www.facebook.com/100090417955124/videos/3579377245625994,,,,,
Mary T. Sweeney,Aontú,Donegal,219.16,Facebook video (news account),2:32-3:01 s,https://www.facebook.com/watch/?v=1749620875567913,,,,,* audio a bit glitchy
Deirdre Heney,Fianna Fail,Dublin Bay North,204.86,Facebook video (party account),0:00-0:31 s,https://www.facebook.com/fiannafail/videos/2400594736794874/,,,,,
Denise Mitchell,Sinn Fein,Dublin Bay North,200.45,Facebook video (personal account),0:00-0:31 s,https://www.facebook.com/watch/?v=1020750019997987,,,,,
Aoibhinn Tormey,Fine Gael,Dublin Bay North,206.07,Facebook video (party account),0:00-0:34 s,https://www.facebook.com/watch/?v=2081846375258735,,,,,
Emma Blain,Fine Gael,Dublin Bay South,147.7,Facebook video (news account),0:00-0:33s,https://www.facebook.com/reel/1119626506230475,,,,,
Hazel Chu,Green,Dublin Bay South,161.78,Facebook video (party account),0:00-0:31 s,https://www.facebook.com/watch/?v=660074978241332,,,,,* WOC
Ivana Bacik,Labour,Dublin Bay South,200.65,Youtube video (interview),4:42-5:15 s,https://www.youtube.com/watch?v=vfG67J52xHc,,,,,
Brigid Purcell ,PBP-Solidarity ,Dublin Bay South,250.9,Facebook video (party account),0:00-0:32 s,https://www.facebook.com/peoplebeforeprofitofficial/videos/251756113385356/,,,,,
Kate O'Connell,Independent,Dublin Bay South,158.26,Facebook video (news account),0:09-0:35 s,https://www.facebook.com/watch/?v=1077068680694518,,,,,
Lauralee Doyle,IP,Dublin Bay South,211.59,Facebook video (party account),0:00-0:34 s,https://www.facebook.com/watch/?v=4056130284614904,,,,,* lots of background music
Mary Fitzpatrick,Fianna Fail,Dublin Central,242.97,Facebook video (personal account),0:01-0:37 s,https://www.facebook.com/reel/27590640390582151,,,,,
Janice Boylan,Sinn Fein,Dublin Central,229.55,Facebook video (personal account),0:00-0:33 s,https://www.facebook.com/watch/?v=932630748725985,,,,,
Mary Lou McDonald,Sinn Fein,Dublin Central,244.91,Youtube video (dail speech),0:20-0:55 s,https://www.youtube.com/watch?v=KLGns0JOAh8,,,,,
Neasa Hourigan,Green,Dublin Central,184.81,Facebook video (news account),0:00-0:30 s,https://www.facebook.com/watch/?v=1110598090698735,,,,,
Marie Sherlock,Labour,Dublin Central,188.31,Facebook video (personal account),0:00-0:29 s,https://www.facebook.com/watch/?v=589629953618726,,,,,
Clare Daly,14C,Dublin Central,156.84,Youtube video (interview),0:00-0:31 s,https://www.youtube.com/watch?v=UFEFFuW75JI,,,,,
Ann Graves,Sinn Fein,Dublin Fingal East,143.57,Youtube video (dail speech),0:04-0:36 s,https://www.youtube.com/watch?v=0yGFMb5VePE,,,,,
Joan Hopkins,Social Democrats,Dublin Fingal East,190.42,Facebook video (personal account),0:00-0:32 s,https://www.facebook.com/watch/?v=1573685163515467,,,,,
Margaret McGovern,Aontú,Dublin Fingal East,205.21,Facebook video (party account),0:37-1:08 s,https://www.facebook.com/watch/?v=830016362380253,,,,,
Victoria Byrne,IFP,Dublin Fingal East,,(can't find videos on initial search),,,,,,,
Lorraine Clifford-Lee,Fianna Fail,Dublin Fingal West,219.74,Facebook video (party account),0:00-0:30 s,https://www.facebook.com/watch/?v=928245395399564,,,,,
Louise O'Reilly,Sinn Fein,Dublin Fingal West,182.97,Facebook video (news account),0:00-0:29 s,https://www.facebook.com/watch/?v=1222875075596063,,,,,
Grace Boland,Fine Gael,Dublin Fingal West,228.74,Facebook video (party account),0:00-0:32 s,https://www.facebook.com/FineGael/videos/1353825845986749/,,,,,
Lynda Prendergast,Fianna Fail,Dublin Mid-West,187.14,TikTok video (personal account),0:00-0:32 s,https://www.tiktok.com/@lynda.prendergast/video/7429428421995973891,,,,,
Vicki Casserly,Fine Gael,Dublin Mid-West,170.86,Facebook video (party account),0:00-0:27 s,https://www.facebook.com/reel/1104851527500020,,,,,
Emer Higgins,Fine Gael,Dublin Mid-West,221.5,Facebook video (party account),0:00-0:31 s,https://www.facebook.com/reel/615249941330502,,,,,
Karla Doran,Green,Dublin Mid-West,,(can't find videos on initial search),,,,,,,
Linda de Courcy,Independent Ireland,Dublin Mid-West,247.02,Youtube video (interview),0:00-0:32 s,https://www.youtube.com/watch?v=1U7VEROR9oI,,,,,
Cathleen Carney Boud,Sinn Fein,Dublin North-West,201.98,TikTok video (personal account),0:00-0:32 s,https://www.tiktok.com/@catcboud/video/7435717302496316675,,,,,
Caroline Conroy,Green,Dublin North-West,196.97,Facebook video (party account),0:00-0:27 s,https://www.facebook.com/GreenPartyIreland/videos/418908937709396/,,,,,
Elaine Dunne,Fianna Fail,Dublin Rathdown,184.01,Facebook video (party account),0:00-0:33 s,https://www.facebook.com/watch/?v=417167677479299,,,,,
Maeve O'Connell,Fine Gael,Dublin Rathdown,210.95,Facebook video (personal account),0:00-0:20 s,https://www.facebook.com/reel/1590863044865837,,,,,
Catherine Martin,Green,Dublin Rathdown,213.33,News interview,0:22-0:57 s,https://www.independent.ie/irish-news/elections-2024/its-a-very-disappointing-day-for-the-green-party-says-deputy-green-party-leader-catherine-martin/a1293590666.html,,,,,
Lettie McCarthy,Labour,Dublin Rathdown,181.22,Facebook video (personal account),0:00-0:31 s,https://www.facebook.com/LettieMcCarthy/videos/222023748828426/,,,,,
Sinéad Gibney,Social Democrats,Dublin Rathdown,227.79,Youtube video (dail speech),0:10-0:42 s,https://www.youtube.com/watch?v=1zAmnf2GyqU,,,,,
Síomha Ní Aonghusa,PBP-Solidarity ,Dublin Rathdown,159.03,Facebook video (personal account),0:00-0:31 s,https://www.facebook.com/reel/1285540742786218,,,,,
Catherine Ardagh,Fianna Fail,Dublin South-Central,201.07,Facebook video (party account),0:00-0:33 s,https://www.facebook.com/fiannafail/videos/1069108384697784/,,,,,
Máire Devine,Sinn Fein,Dublin South-Central,225.29,Facebook video (dail speech),0:00-0:32 s,https://www.facebook.com/watch/?v=641727082232573,,,,,
Mary Seery Kearney,Fine Gael,Dublin South-Central,214.94,Facebook video (personal account),0:00-0:32 s,https://www.facebook.com/watch/?v=1092456019225987,,,,,
Jen Cummins,Social Democrats,Dublin South-Central,189.49,Facebook video (personal account),0:00-0:27 s,https://www.facebook.com/watch/?v=1879805992591605,,,,,
Hazel De Nortúin,PBP-Solidarity ,Dublin South-Central,151.84,TikTok video (party account),0:00-0:32 s,https://www.tiktok.com/@peoplebeforeprofit/video/7426424740518186243,,,,,
Rebecca Hendrick,Independent Ireland,Dublin South-Central,,(can't find videos on initial search),,,,,,,
Aisling Considine,Aontú,Dublin South-Central,222.73,Youtube video (party account),0:00-0:34 s,https://www.youtube.com/watch?v=_PsHb71P0gI,,,,,
Dolores Webster,Independent,Dublin South-Central,147.96,TikTok video (personal account),0:00-0:30 s,https://www.tiktok.com/@dee14815/video/7429877402697878787,,,,,
Jina Ahearne,IP,Dublin South-Central,227.13,TikTok video (party account),0:00-0:31 s,https://www.tiktok.com/@nationalalliance/video/7441147267882519840,,,,,
Joan Collins,RTC,Dublin South-Central,142.31,Youtube video (interview),0:35-1:05 s,https://www.youtube.com/watch?v=I_mb1QUEieQ,,,,,
Teresa Costello,Fianna Fail,Dublin South-West,147.53,Facebook video (party account),0:00-0:26 s,https://www.facebook.com/watch/?v=547250681002921,,,,,
Niamh Whelan,Sinn Fein,Dublin South-West,236.03,TikTok video (personal account),0:00-0:33 s,https://www.tiktok.com/@niamhwhelan37/video/7439458362766396705,,,,,
Sarah Barnes,Fine Gael,Dublin South-West,186.03,News interview,0:00-0:30 s,https://www.independent.ie/videos/suddenly-i-found-myself-flying-through-the-air-backwards-fine-gael-general-election-candidate-sarah-barnes/a1916022348.html,,,,,
Saoirse Ní Chónaráin,Aontú,Dublin South-West,,(can't find videos on initial search),,,,,,,
Lorna Nolan,Fianna Fail,Dublin West,,(can't find videos on initial search),,,,,,,
Breda Hanaphy,Sinn Fein,Dublin West,155.42,Facebook video (personal account),0:03-0:34 s,https://www.facebook.com/watch/?v=288515518684343,,,,,
Emer Currie,Fine Gael,Dublin West,182.9,News interview,0:00-0:33 s,https://www.independent.ie/irish-news/newly-elected-td-for-dublin-west-emer-currie-speaks-about-her-priorities-for-the-area/a1804122675.html,,,,,
Ellen Murphy,Social Democrats,Dublin West,190.86,TikTok video (party account),0:00-0:32 s,https://www.tiktok.com/@social_democrats/video/7427146461285977366,,,,,
Ruth Coppinger,PBP-Solidarity ,Dublin West,192.94,Facebook video (dail speech),0:00-0:31 s,https://www.facebook.com/watch/?v=2243864116054364,,,,,
Ellen Troy,Aontú,Dublin West,278,Facebook video (personal account),0:00-0:30 s,https://www.facebook.com/watch/?v=589091826893057,,,,,
Susanne Delaney,Independent,Dublin West,341.89,Facebook video (news account),0:00-0:32 s,https://www.facebook.com/watch/?v=995848248732928,,,,,* lots of background noise
Tania Doyle,Independent,Dublin West,203.37,Facebook video (personal account),1:05-1:33 s,https://www.facebook.com/watch/?v=538725335740760,,,,,
Natalie Treacy,Independent,Dublin West,220.84,Facebook video (personal account),0:00-0:31 s,https://www.facebook.com/252636294911112/videos/299545757646624,,,,,
Jennifer Carroll MacNeill,Fine Gael,Dún Laoghaire,180.09,Facebook video (party account),0:00-0:30 s,https://www.facebook.com/watch/?v=1275072976938659,,,,,
Martha Fanning,Labour,Dún Laoghaire,253,Facebook video (party account),0:00-0:33 s,https://www.facebook.com/LabourDunL/videos/152058810093420/,,,,,
Mairéad Tóibín,Aontú,Dún Laoghaire,214.6,Facebook video (personal account),0:00-0:32 s,https://www.facebook.com/watch/?v=1733754737477095,,,,,* lots of background noise
Cathy Lynch,IP,Dún Laoghaire,161.79,Youtube video (interview),0:00-0:33 s,https://www.youtube.com/watch?v=SHno9GxxMmg,,,,,
Anne Rabbitte,Fianna Fail,Galway East,195.69,Facebook video (personal account),0:00-0:32 s,https://www.facebook.com/reel/1423675255286717,,,,,
Clodagh Higgins,Fine Gael,Galway East,185.22,Facebook video (party account),0:00-0:38 s,https://www.facebook.com/watch/?v=1413742589298159,,,,,
Niamh Madden,Fine Gael,Galway East,190.12,Facebook video (personal account),0:00-0:32 s,https://www.facebook.com/p/Niamh-Madden-FG-Galway-East-61565433730976/,,,,,
Gráinne Seoige ,Fianna Fail,Galway West,198.07,Facebook video (party account),0:00-0:30 s,https://www.facebook.com/watch/?v=1586747211906235,,,,,
Mairéad Farrell,Sinn Fein,Galway West,220.05,Facebook video (dail speech),0:00-0:33 s,https://www.facebook.com/watch/?v=742516894890473,,,,,
Hildegarde Naughton,Fine Gael,Galway West,176.89,Youtube video (interview),1:21-1:52 s,https://www.youtube.com/watch?v=3v4f7R_cgeo,,,,,
Pauline O'Reilly,Green,Galway West,184.81,Facebook video (party account),0:00-0:33 s,https://www.facebook.com/watch/?v=1012995780310169,,,,,
Helen Ogbu,Labour,Galway West,185.78,Facebook video (personal account),0:00-0:34 s,https://www.facebook.com/watch/?v=1481449352518974,,,,,* WOC
Maisie McMaster,PBP-Solidarity ,Galway West,222.54,Youtube video (party account),0:04-0:36 s,https://www.youtube.com/watch?v=LYHs3v5Rbx8,,,,,
Catherine Connolly,Independent,Galway West,180.81,Youtube video (dail speech),0:09-0:40 s,https://www.youtube.com/watch?v=2QSSBIXgg8U,,,,,
Norma Foley,Fianna Fail,Kerry,167.38,Facebook video (party account),0:00-0:28 s,https://www.facebook.com/watch/?v=2263035807427974,,,,,
Linda Gordon-Kelleher,Fianna Fail,Kerry,204.64,Facebook video (party account),0:00-0:31 s,https://www.facebook.com/watch/?v=538615339158194,,,,,
Stephanie O'Shea,Sinn Fein,Kerry,204.95,Facebook video (personal account),0:00-0:27 s,https://www.facebook.com/Stephanie.OShea.SF/videos/915385510550154/,,,,,
Cleo Murphy,Green,Kerry,211.54,Facebook video (news account),0:00-0:34 s,https://www.facebook.com/watch/?v=1582117952404173,,,,,
Catherina O'Sullivan,Aontú,Kerry,198.86,Facebook video (personal account),0:00-0:32 s,https://www.facebook.com/61558653067062/videos/1433386303951221/,,,,,
Mary Fitzgibbon,Independent,Kerry,304.9,Facebook video (news account),0:38-1:09 s,https://www.facebook.com/watch/?v=1023700629465783,,,,,
Michelle Keane,Independent,Kerry,216.54,Youtube video (personal account),0:00-0:38 s,https://www.youtube.com/watch?v=7vUQY7IJM28,,,,,
Réada Cronin,Sinn Fein,Kildare North,199.68,Facebook video (dail speech),0:00-0:32 s,https://www.facebook.com/watch/?v=727007993346543,,,,,
Caroline Hogan,Sinn Fein,Kildare North,,(can't find videos on initial search),,,,,,,
Evie Sammon,Fine Gael,Kildare North,185.57,Facebook video (party account),0:00-0:32 s,https://www.facebook.com/watch/?v=926345309441297,,,,,
Angela Feeney,Labour,Kildare North,241.15,Facebook video (party account),0:00-0:30 s,https://www.facebook.com/reel/578309598069342,,,,,
Leah Whelan,PBP-Solidarity ,Kildare North,253.84,Instagram video (personal account),0:00-0:31 s,https://www.instagram.com/sp.leah_whelan/reels/?hl=en,,,,,
Una O'Connor,Aontú,Kildare North,200.38,Facebook video (party account),0:07-0:38 s,https://www.facebook.com/watch/?v=1302758423745611,,,,,
Avril Corcoran,IP,Kildare North,149.69,Facebook video (party account),0:00-0:27 s,https://www.facebook.com/watch/?v=939604634757454,,,,,
Fiona O'Loughlin,Fianna Fail,Kildare South,212.74,Facebook video (party account),0:00-0:33 s,https://www.facebook.com/watch/?v=660205313473815,,,,,
Shónagh Ní Raghallaigh,Sinn Fein,Kildare South,192.03,Youtube video (dail speech),0:05-0:36 s,https://www.youtube.com/watch?v=1pqhVDixVuE,,,,,
Monaa K. Sood,Green,Kildare South,240.83,Facebook video (personal account),0:00-0:31 s,https://www.facebook.com/61566375344404/videos/584965793919623/,,,,,* WOC
Edel Doran,Independent Ireland,Kildare South,,(can't find videos on initial search),,,,,,,
Melissa Byrne,Aontú,Kildare South,176.91,TikTok video (personal account),0:00-0:33 s,https://www.tiktok.com/@melissa.byrne.aon/video/7375583944114212129,,,,,
Leanne O'Neill,Independent,Kildare South,,(can't find videos on initial search),,,,,,,
Patricia Ryan,Independent,Kildare South,223.35,Facebook video (dail speech),0:00-0:33 s,https://www.facebook.com/watch/?v=714198656253562,,,,,
Maria McCormack,Sinn Fein,Laois,202.54,Facebook video (party account),0:00-0:32 s,https://www.facebook.com/watch/?v=603943095603592,,,,,
Rosie Palmer,Green,Laois,200.55,Facebook video (personal account),0:00-0:32 s,https://www.facebook.com/reel/1646168202633683,,,,,
Mary Hand,Aontú,Laois,,(can't find videos on initial search),,,,,,,
Pauline Flanagan,Independent,Laois,199.85,TikTok video (personal account),0:00-0:34 s,https://www.tiktok.com/@paulineflanagan/video/7438273075012996384,,,,,
Aisling Moran,Independent,Laois,154.95,Facebook video (personal account),0:00-0:32 s,https://www.facebook.com/reel/1091637188864589,,,,,
Elaine Mullally,Independent,Laois,185.59,Facebook video (news account),0:03-0:33 s,https://www.facebook.com/reel/577446888208593,,,,,
Dee Ryan,Fianna Fail,Limerick City,170.08,Facebook video (party account),0:00-0:33 s,https://www.facebook.com/watch/?v=924909396084260,,,,,
Maria Byrne,Fine Gael,Limerick City,175.23,Facebook video (personal account),0:00-0:32 s,https://www.facebook.com/reel/910467240747209,,,,,
Elisa O'Donovan,Social Democrats,Limerick City,192.71,Youtube video (party account),0:00-0:34 s,https://www.youtube.com/watch?v=JV6vyVeWkDs,,,,,
Esther Ahem,Independent Ireland,Limerick City,,(can't find videos on initial search),,,,,,,
Sarah Beasley,Aontú,Limerick City,169.3,News interview,0:00-0:32 s,https://www.limerickleader.ie/video/mayoral-election/1509427/watch-mayoral-candidate-sarah-beasley-s-vision-for-limerick-in-90-seconds.html,,,,,
Melanie Cleary,Independent,Limerick City,160.09,Facebook video (party account),0:00-0:34 s,https://www.facebook.com/watch/?v=489898260277071,,,,,
Michelle Hayes,Independent,Limerick City,,(can't find videos on initial search),,,,,,,
Bridie Collins,Fianna Fail,Limerick County,176.73,Facebook video (news account),0:00-0:32 s,https://www.facebook.com/watch/?v=651056922003645,,,,,
Joanne Collins,Sinn Fein,Limerick County,172.02,Facebook video (dail speech),0:00-0:33 s,https://www.facebook.com/reel/1007014151246095,,,,,
Noreen Stokes,Fine Gael,Limerick County,229.55,Facebook video (personal account),0:00-0:32 s,https://www.facebook.com/reel/1592126008062336,,,,,
Laura Fahey,PBP-Solidarity ,Limerick County,,(can't find videos on initial search),,,,,,,
April Sheehan Corkery,Independent,Limerick County,186.44,Instagram video (personal account),0:00-0:30 s,https://www.instagram.com/aprilsheehancorkery_roots/reels/,,,,,
Donna O'Loughlin,IFP,Limerick County,205.56,Facebook video (party account),0:00-0:31 s,https://www.facebook.com/watch/?v=1074666950654550,,,,,
Lorraine O'Sullivan,IP,Limerick County,,(can't find videos on initial search),,,,,,,
Dympna Cunniffe,Fianna Fail,Longford-Westmeath,184.17,TikTok video (personal account),0:00-0:38 s,https://www.tiktok.com/@dympna.cunniffe.f/video/7436089212094401795,,,,,
Sorca Clarke,Sinn Fein,Longford-Westmeath,203.52,Youtube video (dail speech),0:04-0:36 s,https://www.youtube.com/watch?v=ZgSqeKeiFr4,,,,,
Tanya Cannon,Fine Gael,Longford-Westmeath,177.56,Instagram video (personal account),0:00-0:32 s,https://www.instagram.com/_tanyacannon/reels/?hl=en,,,,,
Carol Okeke,Green,Longford-Westmeath,,(can't find videos on initial search),,,,,,,* WOC
Fidelma Bennett,Labour,Longford-Westmeath,,(can't find videos on initial search),,,,,,,
Laura O'Neill,Aontú,Longford-Westmeath,187.91,Facebook video (personal account),0:00-0:31 s,https://www.facebook.com/watch/?v=1129631824846000,,,,,
Louise Heavin,Independent,Longford-Westmeath,182.26,Facebook video (personal account),0:00-0:34 s,https://www.facebook.com/LouiseHeavinLongfordWestmeath/videos/187754722593654/,,,,,
Charlotte Keenan,Independent,Longford-Westmeath,157.28,News interview,0:00-0:17 s,https://www.midlands103.com/news/midlands-news/improving-lives-of-young-people-a-priority-for-longford-westmeath-candidate/,,,,,
Margaret Alacoque Maguire,IF ,Longford-Westmeath,,(can't find videos on initial search),,,,,,,
Alison Comyn,Fianna Fail,Louth,198.61,Facebook video (party account),0:00-0:32 s,https://www.facebook.com/watch/?v=1088634125693725,,,,,
Erin McGreehan,Fianna Fail,Louth,168.41,Facebook video (party account),0:00-0:31 s,https://www.facebook.com/watch/?v=1578852126317786,,,,,
Joanna Byrne,Sinn Fein,Louth,204.34,Facebook video (dail speech),0:03-0:34 s,https://www.facebook.com/watch/?v=1678889119656195,,,,,
Paula Butterly,Fine Gael,Louth,183.99,Facebook video (news account),0:00-0:30 s,https://www.facebook.com/reel/601183055924213,,,,,
Marianne Butler,Green,Louth,214.52,Facebook video (personal account),0:00-0:32 s,https://www.facebook.com/reel/1281531939651955,,,,,
Tracy O'Hanlon,Independent,Louth,242.33,Facebook video (party account),0:00-0:31 s,https://www.facebook.com/watch/?v=1359751124986674,,,,,
Lisa Chambers,Fianna Fail,Mayo,157.19,Facebook video (party account),0:00-0:33 s,https://www.facebook.com/watch/?v=364856093262864,,,,,
Rose Conway-Walsh,Sinn Fein,Mayo,200.09,Youtube video (dail speech),0:05-0:36 s,https://www.youtube.com/watch?v=Zp1EEOswbOk,,,,,
Martina Jennings,Fine Gael,Mayo,226.29,Facebook video (party account),0:00-0:31 s,https://www.facebook.com/reel/1260197428509562,,,,,
Keira Keogh,Fine Gael,Mayo,209.02,Youtube video (dail speech),0:05-0:36 s,https://www.youtube.com/watch?v=LqSmFXD2_e4,,,,,
Caroline O'Reilly,Fianna Fail,Meath East,175.48,Facebook video (news account),0:13-0:49 s,https://www.facebook.com/watch/?v=581233131304561,,,,,
Maria White,Sinn Fein,Meath East,234.98,Facebook video (news account),0:11-0:44 s,https://www.facebook.com/watch/?v=868786265463591,,,,,
Helen McEntee,Fine Gael,Meath East,165.92,Facebook video (party account),0:00-0:36 s,https://www.facebook.com/reel/1383708826129444,,,,,
Sharon Tolan,Fine Gael,Meath East,172.62,Facebook video (party account),0:00-0:34 s,https://www.facebook.com/watch/?v=519599427691902,,,,,
Eilish Balfe,Labour,Meath East,225.98,Instagram video (personal account),0:00-0:31 s,https://www.instagram.com/eilish_balfe_/reels/?hl=en,,,,,
Clara McCormack,PBP-Solidarity ,Meath East,,(can't find videos on initial search),,,,,,,
Emer Tóibín ,Aontú,Meath East,186.19,Facebook video (personal account),0:00-0:33 s,https://www.facebook.com/watch/?v=1678452116035324,,,,,
Gillian Toole,Independent,Meath East,192.39,Facebook video (personal account),0:08-0:40 s,https://www.facebook.com/100064835524737/videos/1283413012883980/,,,,,
Carolyn Fahy,PAW,Meath East,228.56,Facebook video (personal account),0:00-0:51 s,https://www.facebook.com/reel/1007810008186788,,,,,* some parts were quiet
Jean Murray,NP,Meath East,186.38,Facebook video (party account),0:00-0:36 s,https://www.facebook.com/watch/?v=783648413839539,,,,,
Barbara Reid,LR,Meath East,,(can't find videos on initial search),,,,,,,
Aisling Dempsey,Fianna Fail,Meath West,179.34,Facebook video (party account),0:00-0:30 s,https://www.facebook.com/watch/?v=1232458401212766,,,,,
Linda Nelson Murray,Fine Gael,Meath West,238.63,Facebook video (party account),0:00-0:34 s,https://www.facebook.com/watch/?v=1605263337032372,,,,,
Sandy Gallagher,Labour,Meath West,191.43,Facebook video (news account),0:12-0:40 s,https://www.facebook.com/watch/?v=917825376961646,,,,,
Claire Murray,Fianna Fail,Offaly,242.05,Facebook video (party account),0:00-0:27 s,https://www.facebook.com/fiannafail/videos/1153793669374329/,,,,,
Aoife Masterson,Sinn Fein,Offaly,258.91,Facebook video (personal account),0:00-0:33 s,https://www.facebook.com/reel/1068994761638081,,,,,
Pippa Hackett,Green,Offaly,210.54,Facebook video (news account),0:00-0:32 s,https://www.facebook.com/watch/?v=1612698419667056,,,,,
Keishia Taylor,PBP-Solidarity ,Offaly,,(can't find videos on initial search),,,,,,,
Maureen Ward,Aontú,Offaly,,(can't find videos on initial search),,,,,,,
Carol Nolan,Independent,Offaly,223.71,Facebook video (dail speech),0:00-0:33 s,https://www.facebook.com/watch/?v=691315190535503,,,,,
Claire Kerrane,Sinn Fein,Roscommon-Galway,187.5,Youtube video (party account),0:00-0:33 s,https://www.youtube.com/shorts/Hqdk2wLJrQw,,,,,
Dympna Daly Finn,Fine Gael,Roscommon-Galway,206.9,Instagram video (personal account),0:00-0:34 s,https://www.instagram.com/dympna_dalyfinnfg/reels/?hl=en,,,,,
Aisling Dolan,Fine Gael,Roscommon-Galway,252.39,Facebook video (personal account),0:00-0:32 s,https://www.facebook.com/watch/?v=2150876968642279,,,,,
Martina O'Connor,Green,Roscommon-Galway,223.34,Facebook video (personal account),0:00-0:36 s,https://www.facebook.com/martina.oconnor.7921/videos/254595553342700,,,,,
Edel McSharry,Fianna Fail,Sligo-Leitrim,169.58,Facebook video (party account),0:15-0:46 s,https://www.facebook.com/watch/?v=389064010149110,,,,,
Bláithín Gallagher,Green,Sligo-Leitrim,241.49,Facebook video (personal account),0:00-0:32 s,https://www.facebook.com/watch/?v=895517512557545,,,,,
Nessa Cosgrove,Labour,Sligo-Leitrim,177.94,Facebook video (personal account),0:00-0:31 s,https://www.facebook.com/reel/1059692912696223,,,,,
Caroline Corcoran,Independent Ireland,Sligo-Leitrim,,(can't find videos on initial search),,,,,,,
Marie Casserly ,Independent,Sligo-Leitrim,214.8,Facebook video (personal account),0:00-0:33 s,https://www.facebook.com/marie.casserly/videos/8541004119330925/,,,,,
Marian Harkin,Independent,Sligo-Leitrim,259.58,News interview,0:08-0:40 s,https://www.leitrimobserver.ie/video/general-election/1669640/marian-harkin-ind-still-holding-out-hope-in-sligo-leitrim.html,,,,,
Molly Candon,PAW,Sligo-Leitrim,191.51,Youtube video (interview),22:30-23:01 s,https://www.youtube.com/watch?v=pvvZKGdeRGI,,,,,
Phyll Bugler,Fine Gael,Tipperary North,171.31,Facebook video (personal account),0:00-0:30 s,https://www.facebook.com/reel/1310778643435841,,,,,
Iva Pocock,Green,Tipperary North,231.64,Facebook video (personal account),0:00-0:32 s,https://www.facebook.com/ivapocockgreenparty/videos/2509495422727280/,,,,,
Diana O'Dwyer,PBP-Solidarity ,Tipperary North,,(can't find videos on initial search),,,,,,,
Imelda Goldsboro,Fianna Fail,Tipperary South,247.79,Facebook video (personal account),0:00-0:40 s,https://www.facebook.com/watch/?v=587317673685035,,,,,* loud background music
Myriam Madigan,Green,Tipperary South,,(can't find videos on initial search),,,,,,,
Nadaline Webster,Independent Ireland,Tipperary South,139.14,Youtube video (interview),0:00-0:27 s,https://www.youtube.com/watch?v=DPwBI4Cd0dM,,,,,
Rosemary McGlone,Aontú,Tipperary South,197.04,Facebook video (personal account),0:00-0:32 s,https://www.facebook.com/watch/?v=722825566512825,,,,,
Mary Butler,Fianna Fail,Waterford,193.78,Facebook video (party account),0:00-0:30 s,https://www.facebook.com/watch/?v=24087630997508092,,,,,
Sadhbh O'Neill,Labour,Waterford,216.43,Facebook video (personal account),0:00-0:34 s,https://www.facebook.com/Sadhbh4Senate/videos/604223788863851/,,,,,
Mary Roche,Social Democrats,Waterford,234.67,TikTok video (personal account),0:03-0:34 s,https://www.tiktok.com/@cllrmaryroche/video/7442440021921025313,,,,,
Melissa O'Neill,Independent,Waterford,144.63,Youtube video (interview),3:28-4:00 s,https://www.youtube.com/watch?v=y1GqIEY2aHc,,,,,
Michelle O'Neill,Fianna Fail,Wexford,187.98,Instagram video (personal account),0:00-0:30 s,https://www.instagram.com/michelleoneillofficial/reels/?hl=en,,,,,
Bridín Murphy,Fine Gael,Wexford,185.43,Instagram video (personal account),0:00-0:31 s,https://www.instagram.com/cllrbridin/reels/?hl=en,,,,,
Martina Stafford,PBP-Solidarity ,Wexford,,(can't find videos on initial search),,,,,,,
Verona Murphy ,Independent,Wexford,190.5,Youtube video (dail speech),0:00-0:32 s,https://www.youtube.com/watch?v=WPSCk2nSjYI,,,,,
Jennifer Whitmore,Social Democrats,Wicklow,155.51,Youtube video (dail speech),0:00-0:33 s,https://www.youtube.com/watch?v=wTotrojF34E,,,,,
Kellie McConnell,PBP-Solidarity ,Wicklow,158.59,Instagram video (personal account),0:00-0:34 s,https://www.instagram.com/kelliemcconnellpbp/?hl=en,,,,,
Michaela Keddy,IP,Wicklow,198.95,Facebook video (personal account),0:00-0:33 s,https://www.facebook.com/profile.php?id=100011536505780&sk=videos,,,,,
Ann Walsh,Green,Wicklow-Wexford,140.76,Facebook video (personal account),0:00-0:32 s,https://www.facebook.com/61557061882605/videos/1071424614434060,,,,,
Aislinn O'Keeffe,PBP-Solidarity ,Wicklow-Wexford,,(can't find videos on initial search),,,,,,,
Sinéad Boland,Aontú,Wicklow-Wexford,,(can't find videos on initial search),,,,,,,
Ilsa-Maria Nolan,Independent,Wicklow-Wexford,,(can't find videos on initial search),,,,,,,